{
  "steps": [
    500,
    1000,
    1500,
    2000,
    2500,
    3000,
    3500,
    4000,
    4500,
    5000,
    5500,
    6000,
    6500,
    7000,
    7500,
    8000,
    8500,
    9000,
    9500,
    10000,
    10500,
    11000,
    11500,
    12000,
    12500,
    13000,
    13500,
    14000,
    14500,
    15000,
    15500,
    16000,
    16500,
    17000,
    17500,
    18000,
    18500,
    19000,
    19500,
    20000,
    20500,
    21000,
    21500,
    22000
  ],
  "train_loss": [
    1.269953,
    1.1382,
    1.14808,
    1.1123,
    1.100839,
    1.120814,
    1.09951,
    1.094166,
    1.092365,
    1.089621,
    1.089953,
    1.094257,
    1.097135,
    1.096189,
    1.091006,
    1.087356,
    1.090642,
    1.091141,
    1.09601,
    1.089679,
    1.092649,
    1.087971,
    1.087359,
    1.087099,
    1.089137,
    1.089016,
    1.092371,
    1.091258,
    1.096111,
    1.088777,
    1.094109,
    1.089863,
    1.087469,
    1.09077,
    1.090087,
    1.088154,
    1.088502,
    1.089197,
    1.088229,
    1.090262,
    1.088501,
    1.088508,
    1.088421,
    1.088072
  ],
  "best_loss": 1.087099
}