{
  "steps": [
    500,
    1000,
    1500,
    2000,
    2500,
    3000,
    3500,
    4000,
    4500,
    5000,
    5500,
    6000,
    6500,
    7000,
    7500,
    8000,
    8500,
    9000,
    9500,
    10000,
    10500,
    11000,
    11500,
    12000,
    12500,
    13000,
    13500,
    14000,
    14500,
    15000,
    15500,
    16000,
    16500,
    17000,
    17500,
    18000,
    18500,
    19000,
    19500,
    20000,
    20500,
    21000,
    21500,
    22000,
    22500,
    23000,
    23500,
    24000,
    24500,
    25000,
    25500,
    26000,
    26500,
    27000,
    27500,
    28000,
    28500,
    29000,
    29500,
    30000
  ],
  "train_loss": [
    1.347129,
    1.276273,
    1.204495,
    1.169687,
    1.142066,
    1.135456,
    1.123088,
    1.101898,
    1.106413,
    1.13635,
    1.106121,
    1.108897,
    1.095209,
    1.095413,
    1.098478,
    1.09762,
    1.095248,
    1.11293,
    1.092816,
    1.094705,
    1.09241,
    1.093262,
    1.093718,
    1.129782,
    1.112888,
    1.088492,
    1.090425,
    1.091219,
    1.08838,
    1.08918,
    1.088931,
    1.089854,
    1.109124,
    1.089985,
    1.08773,
    1.089692,
    1.088519,
    1.087734,
    1.090133,
    1.088476,
    1.104759,
    1.09199,
    1.087819,
    1.088173,
    1.088128,
    1.088462,
    1.089121,
    1.088197,
    1.088432,
    1.088143,
    1.088595,
    1.088324,
    1.088125,
    1.088409,
    1.087402,
    1.08795,
    1.087635,
    1.088205,
    1.088093,
    1.087622
  ],
  "best_loss": 1.087402
}